population,pc,pm,sel,cros,ss,best_fit,final_diversity,final_exploration,final_exploitation,runtime
200,0.95,0.025,tournament,uniform,False,-0.5833015051675148,0.6441843766861702,29.38991273260838,70.61008726739162,391.7828994001029
200,0.75,0.025,tournament,uniform,False,-0.584205048349352,0.671704278953769,30.829126220301383,69.17087377969861,378.9975408001337
200,0.95,0.05,tournament,uniform,False,-0.5850069070881865,1.0986211522047018,50.27950800413738,49.72049199586262,404.8247099998407
200,0.95,0.025,tournament,uniform,False,-0.5855444034311217,0.6193141228252395,28.636137881939867,71.36386211806013,390.9348028003005
200,0.75,0.05,tournament,uniform,False,-0.5869399192661795,1.0774235456327963,49.84291319482042,50.15708680517958,387.2563370001735
200,0.95,0.05,tournament,uniform,False,-0.5875385724147649,1.1019419953271952,50.84435705316681,49.15564294683319,405.9160348001169
200,0.75,0.05,tournament,uniform,False,-0.5878375319014317,0.1239448316849249,5.678787985459922,94.32121201454008,398.5938732997747
200,0.75,0.05,tournament,uniform,False,-0.5880109147800423,1.0238681413354926,47.08286791497495,52.91713208502505,390.1290972999996
200,0.95,0.25,tournament,uniform,False,-0.5880628309673686,0.0911729662504469,4.190132448086176,95.80986755191384,386.7188724000007
200,0.75,0.25,tournament,uniform,False,-0.5881505237583726,0.047178750525992,2.161947096095203,97.8380529039048,396.6302054001717
200,0.75,0.025,tournament,multi_points,False,-0.5885514810251133,0.49987958142825,23.02029249529667,76.97970750470333,382.8089325998444
200,0.75,0.05,tournament,one_point,False,-0.5888854790640629,0.9492307768634064,43.8371366289798,56.1628633710202,381.843078900245
200,0.95,0.05,tournament,uniform,False,-0.5890780788739045,0.1217427604800737,5.592539554100365,94.40746044589964,387.920165399788
200,0.95,0.025,tournament,uniform,False,-0.5891995871199907,0.0587443145631664,2.71903271452262,97.28096728547736,406.02719499974046
200,0.95,0.05,tournament,uniform,False,-0.5892041176795026,0.0407889331212,1.8724971178229917,98.127502882177,400.5868651001947
200,0.75,0.05,tournament,uniform,False,-0.5892981242711217,0.0648733278238676,2.9964465782935004,97.0035534217065,385.799948599888
200,0.75,0.05,tournament,multi_points,False,-0.5894154738830162,0.9282948556480044,42.6787514785464,57.3212485214536,389.43053370015696
200,0.75,0.025,tournament,uniform,False,-0.5895231879535561,0.0619926462012395,2.8879696145278686,97.11203038547214,391.5457662001718
200,0.75,0.025,tournament,uniform,False,-0.5895412639816591,0.4921014090763297,22.71462667586654,77.28537332413346,388.73024389962666
200,0.95,0.05,tournament,one_point,False,-0.5895678461972712,0.8246871788019774,37.85755894390267,62.14244105609733,401.045043600141
200,0.95,0.05,tournament,multi_points,False,-0.5896665709499606,0.6671352553671949,30.82489863848582,69.17510136151418,388.329301099875
200,0.75,0.025,tournament,uniform,False,-0.5896684574768492,0.0349714908301703,1.6025910384844275,98.39740896151557,392.2786643001018
200,0.95,0.05,tournament,one_point,False,-0.5898430946012961,0.8289121454869083,38.499795286051125,61.50020471394888,408.8902698998572
200,0.95,0.025,tournament,multi_points,False,-0.5898481726569296,0.5298366879126309,24.303619945354967,75.69638005464503,397.0067458000267
200,0.95,0.25,tournament,uniform,False,-0.5898700743835762,0.0856266329330962,3.9073947678274017,96.0926052321726,396.13715700036846
200,0.75,0.025,tournament,multi_points,False,-0.5898907206816537,0.447385904899759,20.628470404199795,79.37152959580021,373.70606370002497
200,0.75,0.05,tournament,one_point,False,-0.5898997375824173,1.023728237452488,46.28731752243278,53.71268247756722,387.32960460032336
200,0.95,0.025,tournament,multi_points,False,-0.5899053611903713,0.4373839467767161,19.939562835280512,80.06043716471949,397.727088199812
200,0.75,0.025,tournament,one_point,False,-0.5899529811780999,0.5535071946658827,25.312289329270666,74.68771067072933,381.574505500379
200,0.95,0.05,tournament,multi_points,False,-0.5901187411636059,0.9549500402349403,43.56891085540347,56.43108914459653,393.5935202002293
200,0.95,0.025,tournament,uniform,False,-0.5902243573880057,0.0622527608828842,2.856477102121175,97.14352289787882,413.19487379980274
200,0.95,0.025,tournament,one_point,False,-0.5902414880572838,0.5605127921468438,25.901756959195232,74.09824304080476,394.26011669973377
200,0.75,0.05,tournament,multi_points,False,-0.5904188801324173,0.904631143857751,41.48656144543112,58.51343855456888,384.6583924997831
200,0.75,0.025,tournament,one_point,False,-0.5905156433443013,0.4876272836035585,22.39986765798292,77.60013234201708,380.62738699966576
50,0.75,0.05,tournament,uniform,False,-0.590550737448262,0.9569489453826168,44.013061545478415,55.98693845452159,96.36264320032204
50,0.75,0.05,tournament,uniform,False,-0.590912550052926,1.133143056438504,52.38319055612899,47.61680944387101,99.21899869991466
50,0.95,0.025,tournament,uniform,False,-0.5909334667959747,0.8374341241549762,39.524093489979535,60.47590651002047,98.45013569993898
200,0.95,0.025,tournament,one_point,False,-0.5909890119266988,0.4931084456067522,22.632621083343565,77.36737891665643,396.6539146997966
50,0.95,0.025,tournament,uniform,False,-0.5911329342093296,0.049889774744206,2.355597334572745,97.64440266542724,97.77194460039028
50,0.95,0.25,tournament,uniform,False,-0.5911652884616698,0.1048374078616715,4.954068382561049,95.04593161743897,99.50110490014777
50,0.95,0.05,tournament,uniform,False,-0.5911836130559047,1.2127647988708103,56.88108624126955,43.11891375873045,100.38194900006056
50,0.75,0.025,tournament,uniform,False,-0.5912156482121744,0.64220566145469,30.115505272220755,69.88449472777924,98.11625039938372
200,0.75,0.25,tournament,uniform,False,-0.5912949300568859,0.0427628682161367,1.9717940103426643,98.02820598965734,382.3292252996471
50,0.95,0.05,tournament,uniform,False,-0.5913368880678463,0.0837396628742424,3.922663192319847,96.07733680768015,96.91911640018223
50,0.95,0.25,tournament,uniform,False,-0.5913469884798782,0.0852978761235679,3.9349132978860175,96.065086702114,99.7106396999443
50,0.95,0.025,tournament,uniform,False,-0.5913929509293748,0.650696644263768,30.25998802846897,69.74001197153103,98.73196539934725
50,0.95,0.05,tournament,uniform,False,-0.5916301719094991,1.247908112018299,57.93084687012849,42.06915312987151,105.0026000001235
50,0.75,0.025,tournament,uniform,False,-0.5916517017836791,0.7340452173036205,34.266765895991405,65.7332341040086,96.39397119998466
50,0.95,0.025,tournament,one_point,False,-0.5917150490518408,0.7111053425940997,33.25960468443634,66.74039531556366,99.5144217001507
50,0.75,0.05,tournament,one_point,False,-0.591726342511291,0.9942659886208892,47.01693860895787,52.98306139104213,99.73164340027142
200,0.75,0.025,tournament,arithmetic,False,-0.5917423590730387,0.2815928975475645,15.001083963097306,84.9989160369027,396.8670027998742
50,0.75,0.05,tournament,uniform,False,-0.5918061077478912,0.0378785307145522,1.7793130738912706,98.22068692610873,96.54806660022588
50,0.95,0.025,tournament,uniform,False,-0.5918337967462676,0.105202424296812,4.900915223346045,95.09908477665395,96.30955640040338
50,0.95,0.05,tournament,uniform,False,-0.5918455182332946,0.0936111808021906,4.3369554837874285,95.66304451621257,102.1017514000414
50,0.95,0.025,tournament,multi_points,False,-0.5918486037148223,0.7695620832673512,35.761930455275106,64.2380695447249,98.01728590007406
200,0.75,0.05,tournament,arithmetic,False,-0.5919595748737533,0.5365878888790439,27.21405778770561,72.78594221229439,382.34995999990497
50,0.75,0.05,tournament,one_point,False,-0.5919671230068035,0.9001757875641069,41.635064411828914,58.364935588171086,98.62182369991206
50,0.75,0.025,tournament,uniform,False,-0.5920274027089857,0.0190343322943079,0.8845737225005763,99.11542627749942,94.18040150008164
50,0.75,0.05,tournament,uniform,False,-0.5920299180865436,0.0612568763554669,2.8824403222056887,97.1175596777943,99.30394760041963
200,0.95,0.25,tournament,uniform,False,-0.5920862709811507,2.0546958160320807,92.66869438170728,7.331305618292731,406.1827111999737
200,0.75,0.025,tournament,arithmetic,False,-0.5923140114903779,0.3136821885249485,16.961852952674622,83.03814704732538,396.3264711002121
200,0.75,0.25,tournament,one_point,False,-0.59231654792947,2.038847020965961,91.75445705047804,8.245542949521962,402.4145238001365
50,0.95,0.025,tournament,multi_points,False,-0.592329380552787,0.5423278419254502,25.2447030736046,74.7552969263954,96.78893730032723
50,0.75,0.25,tournament,uniform,False,-0.5923784362314068,0.0537950596850127,2.521784935282536,97.47821506471746,101.53404489986131
50,0.75,0.025,tournament,one_point,False,-0.5924166934434055,0.5865556017622192,27.666813446647748,72.33318655335225,95.39834440045524
200,0.95,0.25,tournament,uniform,False,-0.5924223993734213,2.1099441997609376,94.50322479884214,5.49677520115786,401.9524218002334
200,0.75,0.05,tournament,arithmetic,False,-0.5924633743561252,0.6229340722103659,34.347166661003456,65.65283333899654,406.7403397001326
50,0.95,0.05,tournament,multi_points,False,-0.5924707132730795,1.0794285781183146,49.798212946396816,50.201787053603184,97.23257060023025
200,0.75,0.25,tournament,uniform,False,-0.5925331880130719,2.124223327702419,94.78383318813523,5.216166811864753,382.7632976003224
50,0.75,0.25,tournament,uniform,False,-0.5926577183681823,0.0607486281609822,2.894246559073732,97.10575344092626,95.57084730034694
50,0.95,0.025,tournament,one_point,False,-0.5926862697456925,0.6555577168540038,30.80514170894425,69.19485829105574,99.26982470054644
50,0.75,0.05,tournament,multi_points,False,-0.5927137965589627,0.9918408691834434,46.21345926030568,53.78654073969432,105.69666549982504
50,0.75,0.025,tournament,uniform,False,-0.5927152736060277,0.0458418176967758,2.155604609977316,97.84439539002268,94.24130120011978
200,0.75,0.25,tournament,multi_points,False,-0.5927419838409573,2.0358023217555425,90.92541165313098,9.07458834686902,402.1520630996674
50,0.95,0.05,tournament,multi_points,False,-0.592796822141197,1.047222419046085,50.005098661295776,49.994901338704224,101.3352408001665
50,0.75,0.025,tournament,multi_points,False,-0.5928156061766742,0.6541077250165793,30.480009141976065,69.51999085802393,95.14414090011267
200,0.75,0.25,tournament,uniform,False,-0.5928221902248446,2.164204873265098,97.22997256210265,2.770027437897369,386.0785839998862
200,0.75,0.05,tournament,multi_points,False,-0.5928391936152259,0.0147043741929726,0.6844162706124702,99.31558372938753,385.47051619936246
200,0.95,0.05,tournament,one_point,False,-0.5928395628552747,0.0046788549285946,0.2154725180633614,99.78452748193664,404.69292080041487
200,0.95,0.25,tournament,multi_points,False,-0.5928447617917889,2.07013952190543,93.48517973199806,6.514820268001941,406.0558472003322
50,0.95,0.05,tournament,one_point,False,-0.592846544469886,1.139134653568092,52.38340841193023,47.61659158806977,98.07864870049524
200,0.95,0.05,tournament,multi_points,False,-0.5928727332871105,0.0114340273702973,0.5254467585775635,99.47455324142244,397.8007322999183
200,0.75,0.25,tournament,one_point,False,-0.5929569154975759,2.0818152027353194,93.02247847302974,6.977521526970264,395.38512149988674
50,0.75,0.05,tournament,multi_points,False,-0.5929574253310598,0.8578079605577195,39.804910650521016,60.19508934947898,99.62427270028276
200,0.95,0.25,tournament,one_point,False,-0.5929929314327845,0.0081739837127481,0.3764612518631385,99.62353874813688,409.0368840001756
200,0.95,0.05,tournament,arithmetic,False,-0.5930009355393915,0.5932853157638855,32.697998620772935,67.30200137922706,399.27216510043945
200,0.95,0.25,tournament,one_point,False,-0.5930121358850696,0.0089905109635601,0.4139063566061059,99.5860936433939,410.2145744001027
200,0.95,0.025,tournament,arithmetic,False,-0.5930613520972601,0.3339406714729123,19.40344984944521,80.59655015055479,414.0505640000338
200,0.95,0.05,tournament,arithmetic,False,-0.593063682499497,0.5722033282829737,32.24667025000614,67.75332974999387,384.6295853998745
200,0.95,0.025,tournament,multi_points,False,-0.5930650380398375,0.0172699999227708,0.8021766863243407,99.19782331367566,403.8500427997205
200,0.75,0.25,tournament,multi_points,False,-0.5931087817864904,0.0284651900865861,1.3158033667953486,98.68419663320464,387.9583452997031
200,0.75,0.025,tournament,multi_points,False,-0.5931117129393868,0.0150912402941682,0.6927774387331784,99.30722256126684,400.42645529983565
200,0.95,0.025,tournament,multi_points,False,-0.5931312225938388,0.0066842435037232,0.3075523232702282,99.69244767672976,401.4379766997881
200,0.75,0.025,tournament,multi_points,False,-0.5932017419854241,0.0114574473015021,0.5327183089575247,99.46728169104249,375.7911779995775
200,0.95,0.05,tournament,multi_points,False,-0.5932207536768261,0.0084263209780907,0.3870305898776147,99.6129694101224,399.4379355001729
200,0.95,0.25,tournament,one_point,False,-0.5932462678137669,2.131690608646506,95.65360359699208,4.346396403007915,409.4302800000878
50,0.75,0.025,tournament,one_point,False,-0.5932497016300884,0.7178508484781488,33.45606204983157,66.54393795016843,102.93394790007731
200,0.95,0.25,tournament,one_point,False,-0.5933868093310173,2.08420671240878,93.15381315713395,6.846186842866047,407.2925420001848
200,0.95,0.25,tournament,multi_points,False,-0.5934092646816267,2.1016337288543707,93.77649252076571,6.223507479234286,391.8544386998983
200,0.95,0.025,tournament,one_point,False,-0.593423020695194,0.0085138909669249,0.3926514147322898,99.60734858526772,404.8468180000782
50,0.95,0.05,tournament,one_point,False,-0.5934233445445094,1.0547810176615935,49.365921068765815,50.634078931234185,100.59133459976874
200,0.95,0.025,tournament,arithmetic,False,-0.5934233494365725,0.4035715179320795,23.563509699437788,76.43649030056221,391.49957669992
50,0.75,0.025,tournament,multi_points,False,-0.5934274779293058,0.5305470672193207,24.74145617410553,75.25854382589446,91.6873280002037
200,0.75,0.25,tournament,multi_points,False,-0.5934653200973395,2.0743952508847703,92.59412198728012,7.4058780127198816,390.3615751999896
200,0.95,0.025,tournament,one_point,False,-0.5934781822156365,0.0086788162207674,0.3974256698275198,99.60257433017247,408.40573989984114
200,0.75,0.025,tournament,one_point,False,-0.5935674625610281,0.0188804194924713,0.8787880501478998,99.1212119498521,380.6672265995294
200,0.75,0.25,tournament,multi_points,False,-0.5935825041209298,0.0097006135056911,0.4473100915925468,99.55268990840746,385.7797841000138
200,0.75,0.05,tournament,one_point,False,-0.5936043248234365,0.0127060223975831,0.5876638385071855,99.41233616149282,384.6286306999391
200,0.75,0.05,tournament,one_point,False,-0.5936052093965077,0.013768821175321,0.6385918750180314,99.36140812498196,403.7392096995609
200,0.75,0.25,tournament,one_point,False,-0.5936106329678614,0.0054935390877723,0.2524665845590703,99.74753341544093,384.2246779002016
200,0.75,0.25,tournament,one_point,False,-0.5936680600065972,0.0153618742799904,0.7097973706395955,99.2902026293604,380.708037200151
200,0.75,0.025,tournament,one_point,False,-0.593705177513622,0.0173691425621019,0.8059594350102873,99.1940405649897,391.35687490017153
200,0.95,0.25,tournament,multi_points,False,-0.5937604223731944,0.0038130796342997,0.1736728863670286,99.82632711363296,402.1447237996617
200,0.75,0.25,tournament,arithmetic,False,-0.5937624986072085,1.7286689728939455,88.12459581169797,11.875404188302028,386.9228784000734
50,0.95,0.25,tournament,one_point,False,-0.5938406890450622,2.1330365423397,96.25206377954764,3.74793622045236,100.3272830999922
50,0.95,0.25,tournament,uniform,False,-0.5938877213027204,2.130797052805645,97.92830378386893,2.071696216131073,118.48685480013955
50,0.75,0.05,tournament,multi_points,False,-0.5939668398708965,0.0062071094453581,0.2907704763837796,99.70922952361622,95.91360539989546
200,0.75,0.05,tournament,multi_points,False,-0.5940043086622065,0.0265511149890202,1.2198852644603424,98.78011473553966,384.5338366000215
50,0.95,0.25,tournament,multi_points,False,-0.5940054699796318,2.0567781032302834,92.47850396950264,7.52149603049736,97.39796489966102
200,0.95,0.25,tournament,multi_points,False,-0.5940076865544311,0.0085497643400976,0.3947374422079118,99.60526255779207,408.3400783002144
200,0.95,0.05,tournament,one_point,False,-0.5940530211074714,0.0074107965167848,0.336004192042489,99.6639958079575,395.578646300477
50,0.75,0.25,tournament,uniform,False,-0.5940545179242012,2.114625305126585,96.39887664210713,3.601123357892888,97.80212550016586
200,0.75,0.05,tournament,arithmetic,False,-0.5940880938484094,0.006381341909486,0.3412956936258949,99.6587043063741,385.0915487998864
50,0.95,0.025,tournament,multi_points,False,-0.5941557817046428,0.0118651121028338,0.55439524454606,99.44560475545394,96.32374240015632
50,0.75,0.25,tournament,uniform,False,-0.59422438435352,2.1156096534089808,95.08316236242032,4.916837637579675,96.41458760027308
200,0.95,0.05,tournament,arithmetic,False,-0.5942315241921651,0.0056560167470748,0.320122385268397,99.6798776147316,396.5205068995711
200,0.75,0.25,tournament,arithmetic,False,-0.5942324676143729,1.86333326708071,94.21698537848822,5.783014621511782,390.988591599511
50,0.95,0.25,tournament,uniform,False,-0.5942358473739984,2.111316927143426,94.97077250743256,5.029227492567443,108.9045435001608
50,0.95,0.05,tournament,one_point,False,-0.5942855752587368,0.0101419774246277,0.4713983039314633,99.52860169606852,97.1530064996332
50,0.75,0.25,tournament,one_point,False,-0.5943086081831972,2.049231404789864,92.95961335679443,7.040386643205565,99.63314059982076
200,0.75,0.05,tournament,arithmetic,False,-0.5943389669192225,0.0181799648714651,0.9944559360992764,99.00554406390071,381.21756680018734
50,0.95,0.05,tournament,multi_points,False,-0.5943555970360961,0.0072294791276101,0.337041656624528,99.66295834337548,97.000723600504
50,0.75,0.25,tournament,one_point,False,-0.594405402884727,2.056806549061222,93.17656309032355,6.823436909676445,99.3352030996466
200,0.95,0.25,tournament,arithmetic,False,-0.5944326751176585,0.0030604251281505,0.1737099458756066,99.8262900541244,401.3311967003392
200,0.95,0.25,roulette,multi_points,False,-0.594440114475644,2.294215987416256,99.47691286045256,0.5230871395474281,392.1906722995918
50,0.75,0.025,tournament,one_point,False,-0.5944572481253722,0.009132054681845,0.4278033543212895,99.57219664567872,94.356758300215
50,0.75,0.25,tournament,multi_points,False,-0.5944623089372445,2.10474754004965,96.43400138265046,3.5659986173495355,99.28790160012431
50,0.75,0.25,tournament,multi_points,False,-0.5944680369185282,0.0075538558795386,0.3552737927811216,99.64472620721888,101.82155230012722
200,0.75,0.025,tournament,arithmetic,False,-0.5944988593654291,0.0068938733299278,0.3777987807276362,99.62220121927236,381.0459196998272
200,0.95,0.25,tournament,arithmetic,False,-0.5945196994455189,1.4979140461280989,77.12167964947491,22.878320350525087,395.0852511002449
50,0.95,0.25,tournament,multi_points,False,-0.5945470678727791,0.0061083370480306,0.2900345277516386,99.70996547224836,98.1816663997015
50,0.75,0.25,tournament,multi_points,False,-0.5945484704004491,2.122142015476978,96.9391580595236,3.060841940476408,96.66040859976783
50,0.75,0.05,tournament,one_point,False,-0.5945647853235476,0.0081264286539714,0.3883134824471916,99.6116865175528,98.8932587999152
50,0.75,0.25,tournament,one_point,False,-0.5945768712910345,0.0073532320794931,0.3470186028707301,99.65298139712928,111.8896239004098
200,0.95,0.05,tournament,arithmetic,False,-0.5945777865808516,0.0037830057562691,0.2136131324581986,99.7863868675418,395.7562030999688
50,0.75,0.025,tournament,arithmetic,False,-0.59458132070531,0.3716192442390968,20.387706037694063,79.61229396230593,95.18971470021644
200,0.95,0.025,tournament,arithmetic,False,-0.5945815014265989,0.0044938636705786,0.2539513254106805,99.74604867458932,394.9774743001908
200,0.75,0.25,tournament,arithmetic,False,-0.5946712064011925,0.0084932174564333,0.4677099082512511,99.53229009174876,399.8100218002219
50,0.95,0.025,tournament,one_point,False,-0.5946765562316328,0.0053390432871772,0.2470932076760776,99.75290679232393,101.15741869993508
50,0.95,0.025,tournament,one_point,False,-0.5946839750915744,0.0078548174484986,0.3711634728921618,99.62883652710784,98.9360101999482
50,0.75,0.025,tournament,arithmetic,False,-0.5946938041382294,0.3016730297102557,15.772402147622156,84.22759785237784,97.76650760031772
50,0.95,0.025,roulette,uniform,False,-0.5947113501742426,1.0765679746280754,48.13364253297989,51.86635746702012,95.83021689974704
50,0.95,0.05,tournament,multi_points,False,-0.5947173514307856,0.0182351797169811,0.8536861368449672,99.14631386315504,105.1695582997054
50,0.75,0.05,tournament,arithmetic,False,-0.5947410895892156,0.8118124448922291,42.10533430387856,57.89466569612144,96.7268653997453
50,0.95,0.25,tournament,multi_points,False,-0.594751409471844,2.068327776697505,94.20674701272397,5.793252987276034,99.88057680020574
50,0.75,0.05,tournament,multi_points,False,-0.594751699719816,0.0106250553561426,0.4990093075477523,99.50099069245223,99.43581760046072
50,0.95,0.05,tournament,one_point,False,-0.5947677204517847,0.003766546611383,0.1783627374470928,99.82163726255293,97.80594480026048
50,0.95,0.25,tournament,one_point,False,-0.5948022062923203,2.122340961451753,96.6199657839446,3.3800342160553924,103.19277270021848
50,0.75,0.25,tournament,one_point,False,-0.5948180869286102,0.0103233912712463,0.4791799882295761,99.52082001177044,96.3098828002112
50,0.95,0.025,tournament,multi_points,False,-0.5948479757963352,0.0103501927427262,0.4804614039517106,99.51953859604828,97.02237980032804
50,0.75,0.05,tournament,arithmetic,False,-0.5948545954297197,0.6739678294424666,36.20318621785836,63.79681378214164,99.34818909980822
50,0.95,0.25,roulette,uniform,False,-0.5948773910994731,1.3690715820587098,61.00261565280631,38.99738434719369,99.27016880048905
200,0.75,0.025,tournament,arithmetic,False,-0.5948788814440016,0.0129389272905927,0.695209930083639,99.30479006991636,394.1334459998179
50,0.75,0.025,tournament,multi_points,False,-0.5948886045851062,0.0119204584017845,0.5583530819431781,99.44164691805682,94.10812070022804
50,0.75,0.05,tournament,one_point,False,-0.594901085676603,0.0112593838417765,0.5319352350416158,99.46806476495838,97.3448401996866
200,0.95,0.25,tournament,arithmetic,False,-0.5949081810266674,0.0067728489697605,0.3981382639455384,99.60186173605446,397.11877570010256
50,0.75,0.025,tournament,one_point,False,-0.5949168342470086,0.0076741400390608,0.3573680350005487,99.64263196499944,94.23772060021292
50,0.95,0.25,roulette,one_point,False,-0.5949244554700296,2.120729766695373,94.30162006784104,5.698379932158971,97.54395469964948
50,0.75,0.025,roulette,uniform,False,-0.5949333473265538,1.507188526323036,67.26809695194338,32.73190304805662,95.65301549970172
50,0.95,0.25,tournament,one_point,False,-0.5949484194779452,0.006704522534278,0.3133548999488659,99.68664510005114,100.26962159993128
200,0.75,0.25,roulette,multi_points,False,-0.5949529510505758,2.272047903618683,98.48371116036924,1.516288839630775,394.9023573005106
50,0.95,0.025,roulette,uniform,False,-0.5949540663118721,1.6590226975948332,74.08439930228018,25.915600697719825,100.08538630034307
200,0.95,0.025,tournament,arithmetic,False,-0.594957555055728,0.0048507563182491,0.2777475876518552,99.72225241234814,390.7279075999977
50,0.75,0.25,tournament,multi_points,False,-0.5949756336493164,0.0086446057221011,0.4047165989009868,99.595283401099,96.24908400012646
200,0.95,0.25,roulette,uniform,False,-0.5949922161885712,2.273926423052688,98.507889521998,1.4921104780019905,394.8753061998869
200,0.75,0.25,roulette,uniform,False,-0.5950112191500718,2.291352242592569,99.51440644879658,0.4855935512034222,381.8504806002602
200,0.95,0.05,roulette,one_point,False,-0.5950115973039094,2.1768382174214187,94.54187044997596,5.458129550024054,405.1999716998544
200,0.95,0.25,roulette,one_point,False,-0.595035034004167,2.2388540566758266,96.88095087061022,3.1190491293897797,405.8828102995176
200,0.95,0.05,roulette,one_point,False,-0.5950357362913479,2.194059472409366,95.25101535797602,4.748984642023984,403.7906023999676
50,0.75,0.25,roulette,one_point,False,-0.5950373168282024,2.156267681140629,95.6382711436148,4.361728856385199,99.29260080005042
200,0.75,0.25,roulette,uniform,False,-0.5950448139924128,2.2740411050335614,98.5916590103156,1.4083409896844046,412.49111730011646
50,0.95,0.25,roulette,multi_points,False,-0.595046591214584,2.0978971227800147,93.14799285374563,6.8520071462543655,97.0581675004214
200,0.75,0.05,roulette,uniform,False,-0.5950686270427378,2.171314196804629,94.3591682746533,5.6408317253467,383.5101662996458
50,0.95,0.025,roulette,multi_points,False,-0.5950825580817067,1.3052764015842535,58.08515867369353,41.91484132630647,98.27608019998296
200,0.95,0.025,roulette,uniform,False,-0.5950842754814013,2.069404707945256,89.78386981210679,10.216130187893214,392.3862635997357
200,0.75,0.25,roulette,multi_points,False,-0.5951011203367117,2.2933627941440085,99.38166284231104,0.6183371576889556,401.5277976003708
200,0.75,0.05,roulette,multi_points,False,-0.5951079914673041,2.2075261587389585,95.98236227744609,4.017637722553928,382.37056810001377
50,0.95,0.05,roulette,uniform,False,-0.5951223940537343,1.3812723154830735,61.69064817069256,38.309351829307445,100.13773869967554
50,0.95,0.25,roulette,uniform,False,-0.5951269461997726,1.638019161967496,73.06637777777513,26.93362222222487,100.5741379003739
200,0.95,0.05,roulette,uniform,False,-0.5951336262872393,2.029962984119811,88.07467732930192,11.92532267069808,398.62883280054666
50,0.75,0.025,tournament,multi_points,False,-0.5951385818636006,0.0156981633240815,0.7250290460427615,99.27497095395724,96.802431500284
200,0.95,0.05,roulette,uniform,False,-0.5951460257211957,2.183888277249813,94.8844114482076,5.115588551792413,386.3191442999523
200,0.75,0.25,tournament,arithmetic,False,-0.5951484121565543,0.0067330391718736,0.3657831511711872,99.6342168488288,380.01464240043424
50,0.95,0.05,roulette,uniform,False,-0.5951519895396884,1.1553643372251698,51.74726581987689,48.25273418012311,96.87080739997327
200,0.95,0.05,roulette,multi_points,False,-0.595157797713696,2.1332385549155526,92.88091214355352,7.11908785644647,404.0568563999841
200,0.95,0.05,roulette,multi_points,False,-0.5951612375828848,2.0857771561033736,90.5679290634222,9.4320709365778,410.8100250001298
200,0.75,0.05,roulette,uniform,False,-0.5951656011339085,2.033091133270261,88.33824479669137,11.66175520330863,381.65831319987774
50,0.95,0.25,tournament,one_point,False,-0.5951662390266643,0.0327031972438628,1.5186381492519865,98.48136185074802,101.94848340004684
200,0.95,0.25,tournament,arithmetic,False,-0.595178331911205,1.6327416431855977,85.12487534087737,14.875124659122632,412.59601599990856
50,0.95,0.25,roulette,one_point,False,-0.5951793887777823,2.1800095466067613,96.6818120468946,3.3181879531053937,97.40453659987544
200,0.95,0.25,roulette,multi_points,False,-0.5951799355442781,2.2878161401806705,99.16460884233132,0.8353911576686812,407.56580189976376
200,0.95,0.05,roulette,uniform,False,-0.5951835817527829,2.1740504509497023,94.41375922079656,5.586240779203436,396.0371491000988
50,0.95,0.25,roulette,uniform,False,-0.5951925920108911,1.7964729079843615,79.84081045644827,20.159189543551733,102.34464749984907
200,0.95,0.25,roulette,uniform,False,-0.5951954641145325,1.9369969120160668,84.48651749060524,15.513482509394764,385.7026452000719
200,0.75,0.025,roulette,multi_points,False,-0.595198411643864,2.1176642450932173,91.99267774135576,8.007322258644237,393.1544042000314
50,0.75,0.05,roulette,uniform,False,-0.5951999838449202,1.3082347381343242,58.06084478921938,41.93915521078062,104.59707929962316
50,0.75,0.05,roulette,multi_points,False,-0.5952050524914848,1.8527299426459267,82.41379771574994,17.586202284250064,98.24980560014956
200,0.75,0.05,roulette,multi_points,False,-0.5952120446506268,2.187484012580301,94.91821979097249,5.081780209027528,397.3122530998662
200,0.95,0.025,roulette,uniform,False,-0.5952120730919341,1.9370225734505684,84.02632332974349,15.97367667025651,395.42994989978615
200,0.95,0.025,roulette,one_point,False,-0.5952374424086267,2.01681068490124,87.58885884745506,12.411141152544944,384.6746705003316
200,0.95,0.05,roulette,one_point,False,-0.5952393175295015,1.9948845570331988,86.57026590876448,13.429734091235517,409.8092921000207
200,0.95,0.025,roulette,multi_points,False,-0.5952458925322186,2.156770807888696,93.71748649320814,6.282513506791858,399.60313470009714
50,0.75,0.25,roulette,one_point,False,-0.5952512429582726,2.104188955160313,93.65920537132564,6.340794628674345,97.20223529927898
200,0.75,0.025,roulette,arithmetic,False,-0.5952525216348072,0.2338018040837714,11.02713964978053,88.97286035021946,381.6627547000535
200,0.75,0.25,roulette,one_point,False,-0.5952534078229548,2.24367635372539,97.38820615390556,2.6117938460944288,390.76701859990135
50,0.75,0.25,roulette,multi_points,False,-0.5952674481052597,2.1015157380913765,93.28061995386835,6.719380046131633,98.0380183000816
200,0.75,0.05,roulette,uniform,False,-0.5952738711451493,2.176154968980984,94.40524902104085,5.594750978959155,381.345910799806
200,0.75,0.05,roulette,one_point,False,-0.5952779802409619,2.189445775865748,95.09266277048113,4.907337229518888,385.3910048002144
200,0.95,0.05,roulette,uniform,False,-0.5952798646084281,2.0143571213564737,87.57359059676753,12.42640940323247,396.2051712999819
200,0.75,0.25,roulette,arithmetic,False,-0.59528212843285,0.0094813251552587,0.455732432291365,99.54426756770864,389.3082034996478
50,0.95,0.25,tournament,arithmetic,False,-0.595282878923558,0.0037361270266366,0.2087136235284551,99.79128637647156,96.84968230011872
50,0.95,0.025,roulette,one_point,False,-0.5952869430124806,1.7411999529391378,78.15133367390587,21.848666326094133,96.3931454998674
200,0.95,0.25,roulette,uniform,False,-0.5952874377797504,2.2597788182235554,97.85751475857496,2.1424852414250357,395.35550700011663
200,0.75,0.025,roulette,uniform,False,-0.5952947721525915,2.134260826850205,92.8586369830942,7.141363016905814,382.3389215002535
200,0.95,0.025,roulette,uniform,False,-0.5953011374345942,2.0406499574194075,88.50410733116043,11.495892668839574,383.87403710000217
50,0.95,0.05,roulette,multi_points,False,-0.5953028537642868,1.9299486102677383,86.47878291818397,13.521217081816031,98.19178509968332
200,0.95,0.25,roulette,one_point,False,-0.5953077605579653,2.248298611493914,97.47761866789058,2.5223813321094184,403.7772626997903
200,0.95,0.025,roulette,multi_points,False,-0.5953164021042856,2.0471013500075377,88.98376909175873,11.016230908241267,378.4295531000244
200,0.95,0.025,roulette,one_point,False,-0.5953182608990377,2.043154279658471,88.83881995886544,11.161180041134555,396.6350622997852
200,0.95,0.025,roulette,multi_points,False,-0.595318891182061,2.0201491927032085,87.81606809790269,12.183931902097314,403.3664090000093
200,0.95,0.25,roulette,one_point,False,-0.5953252387944147,2.0326603210270666,88.26025591015136,11.739744089848642,389.425735100056
50,0.75,0.05,roulette,one_point,False,-0.5953285344995749,1.4146268275860776,63.13697712675484,36.86302287324517,107.70531999995
200,0.75,0.025,roulette,uniform,False,-0.595335427736344,2.1058785033191314,91.26999869413376,8.730001305866253,383.95296630018856
50,0.75,0.025,roulette,uniform,False,-0.5953358088183442,1.673080902321628,74.66422612692705,25.335773873072952,95.7753682001494
50,0.95,0.025,tournament,arithmetic,False,-0.595338699669776,0.0036124357314144,0.1877992437558957,99.81220075624412,99.12528560019564
200,0.75,0.25,roulette,multi_points,False,-0.5953464776875355,1.9801101173822395,85.84299630870412,14.157003691295884,403.98278549988754
50,0.75,0.025,roulette,uniform,False,-0.5953472997871972,1.3030168302548994,58.61009297347499,41.38990702652501,101.63433570007328
50,0.95,0.05,roulette,one_point,False,-0.5953481057507242,1.522223481801461,67.7821389349488,32.2178610650512,100.13051759963857
200,0.95,0.025,roulette,uniform,False,-0.5953498226858702,2.1219886650912887,92.04746247438322,7.952537525616776,398.2847574999323
50,0.75,0.25,tournament,arithmetic,False,-0.5953570234060874,1.7445399839133937,87.14427244279523,12.855727557204771,94.02706840028986
200,0.95,0.05,roulette,multi_points,False,-0.5953614551103696,2.194115285780241,95.48012814130584,4.519871858694174,406.1856760996161
200,0.75,0.05,roulette,arithmetic,False,-0.5953687742589058,0.0207373959404607,1.0017668304409535,98.99823316955904,390.8550977999112
50,0.75,0.05,roulette,uniform,False,-0.5953729392988499,1.3161354379166386,58.94999058630679,41.05000941369321,96.64638089959044
50,0.75,0.25,roulette,uniform,False,-0.5953762189482079,1.5587755629513134,69.91542020856954,30.084579791430457,98.893388699973
200,0.75,0.25,roulette,one_point,False,-0.5953772000227124,2.2844003742922165,99.23831964326236,0.7616803567376422,383.9603798001772
50,0.75,0.05,roulette,one_point,False,-0.5953817349369968,1.676355483675696,74.92977437638648,25.070225623613524,101.89556159987114
200,0.75,0.025,roulette,one_point,False,-0.5954060914986947,2.132075183618294,92.55063451798009,7.449365482019928,423.4268923001364
50,0.95,0.05,roulette,uniform,False,-0.5954089913540063,1.618817567793482,72.8834773591555,27.116522640844494,100.38131669978613
200,0.95,0.025,roulette,multi_points,False,-0.5954104934225295,2.148005186203392,93.16591912003884,6.834080879961164,403.8470908999443
50,0.75,0.05,roulette,uniform,False,-0.5954109120185435,1.6611264786426174,73.84578731992536,26.15421268007464,98.65882959973533
200,0.75,0.25,roulette,uniform,False,-0.5954127587395389,1.9975303884146167,86.77290655429567,13.227093445704329,393.5451705002925
200,0.75,0.025,roulette,multi_points,False,-0.5954209693489247,2.0512396056570674,89.22321221083364,10.776787789166365,436.0882364001591
50,0.75,0.025,roulette,uniform,False,-0.595424349245167,1.2914240280757654,57.709586094475455,42.29041390552455,94.92070469993632
50,0.95,0.25,roulette,uniform,False,-0.5954273192099993,1.4803554661655338,66.00209811701919,33.99790188298081,102.8351981996093
200,0.75,0.25,roulette,uniform,False,-0.595433609288633,2.024862924231116,88.05341215815544,11.94658784184456,391.1888963998063
50,0.75,0.25,roulette,multi_points,False,-0.5954363122058494,1.1499460127017491,51.4836681939064,48.5163318060936,96.57299250049982
50,0.95,0.05,tournament,arithmetic,False,-0.5954379913753212,0.5702812945469572,28.20103871184355,71.79896128815645,99.8894715999486
200,0.95,0.25,roulette,multi_points,False,-0.5954400030872422,2.006149069777466,87.25158160724598,12.74841839275402,386.0264950005803
200,0.75,0.05,roulette,uniform,False,-0.5954443359807339,1.8895116440217583,81.95598602126579,18.044013978734213,383.2106509995647
50,0.75,0.05,roulette,one_point,False,-0.5954446701928129,1.829395770525236,81.60311954956157,18.39688045043843,98.79777269961778
200,0.75,0.025,roulette,multi_points,False,-0.5954450193835078,1.9914822468422544,86.52633861097337,13.473661389026631,381.8121759998612
200,0.95,0.25,roulette,one_point,False,-0.5954451664439312,2.028883157603381,88.01928866195624,11.98071133804376,387.23879700002726
200,0.75,0.25,roulette,one_point,False,-0.5954471663174132,2.000695964655823,86.76702893285922,13.23297106714078,388.0088089001365
200,0.75,0.025,roulette,multi_points,False,-0.5954549244380671,2.116784266175177,92.17084814218455,7.829151857815447,379.527548200218
200,0.75,0.025,roulette,uniform,False,-0.5954629541239422,2.0559297012106894,89.33377590993396,10.666224090066038,378.2273506998317
50,0.75,0.25,roulette,one_point,False,-0.5954661014777309,1.410055424974876,63.42067703567144,36.57932296432856,100.54036579991224
200,0.95,0.025,roulette,one_point,False,-0.5954675503834566,2.1717070001913195,94.37934632468232,5.620653675317684,393.7056663996773
50,0.95,0.025,roulette,multi_points,False,-0.5954718397978278,1.6008005654818769,72.02329128305216,27.97670871694784,97.37088750035036
50,0.95,0.25,roulette,multi_points,False,-0.5954718858715631,2.073138463910241,92.02151322986408,7.978486770135916,100.4819987002993
50,0.75,0.05,tournament,arithmetic,False,-0.5954739433938259,0.0033940476624229,0.1626328199509373,99.83736718004906,99.25546010024846
200,0.95,0.25,roulette,uniform,False,-0.5954882048010469,1.7794862151869055,77.2284654643178,22.771534535682207,393.53754430043045
50,0.75,0.25,roulette,multi_points,False,-0.595489989344814,1.3021329469157767,58.34651502407887,41.65348497592113,99.38240439980292
50,0.75,0.05,roulette,uniform,False,-0.5954908982855354,1.6896014250751916,75.56244182193171,24.437558178068286,98.63424010050949
50,0.95,0.25,tournament,arithmetic,False,-0.5954950520967006,0.0038088058963826,0.2030817014124668,99.79691829858751,98.7019733999623
50,0.75,0.25,roulette,uniform,False,-0.5954975426972768,2.113308948380762,93.88884226025482,6.111157739745181,98.76198899943849
50,0.95,0.05,roulette,multi_points,False,-0.59550156213485,1.18632659706919,53.01043089273573,46.98956910726427,96.9383958003018
200,0.75,0.05,roulette,one_point,False,-0.5955027682064342,1.9761007952582084,85.85047778446425,14.149522215535754,384.60436740040313
200,0.75,0.025,roulette,arithmetic,False,-0.5955036206277025,0.018214448933089,0.8700977748947373,99.12990222510528,376.98105340008624
50,0.95,0.25,tournament,multi_points,False,-0.595521514302108,0.0111245536985229,0.5195035289758402,99.48049647102415,102.15855120006016
50,0.95,0.025,tournament,arithmetic,False,-0.5955272802245872,0.3635604185295646,18.157953370076733,81.84204662992326,101.6564604002051
200,0.95,0.25,roulette,multi_points,False,-0.5955319239883787,2.002822775750374,86.94452103943325,13.055478960566743,381.9162710999372
200,0.75,0.025,roulette,uniform,False,-0.59554507794155,1.9818354667129232,86.11257688484741,13.887423115152586,377.2551602998283
50,0.95,0.05,roulette,one_point,False,-0.5955602150149633,1.2801326344108035,57.63539955267535,42.364600447324655,96.26880249986424
200,0.75,0.25,roulette,one_point,False,-0.5955604210229973,2.0595881158423204,89.7574144598645,10.242585540135494,381.7756967000896
50,0.95,0.025,roulette,uniform,False,-0.5955722901646863,1.131294524496012,50.55551088309532,49.44448911690468,99.1463884001132
50,0.75,0.025,tournament,arithmetic,False,-0.5955774177268837,0.0059652864997593,0.3008359620613213,99.69916403793869,98.26545580022504
50,0.75,0.25,tournament,arithmetic,False,-0.5955805681599996,0.008783351369215,0.4489490134796828,99.55105098652032,96.6668837000616
50,0.75,0.25,roulette,multi_points,False,-0.5955931044953112,1.7013671220971631,75.76421643129699,24.235783568703013,97.76749010023195
50,0.95,0.25,roulette,arithmetic,False,-0.5955931471424806,0.0060955738979338,0.2915296771005633,99.70847032289944,96.95060150057544
200,0.75,0.05,roulette,one_point,False,-0.5956048714200985,2.2189089017489985,96.46602733107868,3.533972668921308,382.0723382002907
50,0.75,0.25,roulette,uniform,False,-0.5956098056022688,0.5943593311273899,26.94782080868406,73.05217919131594,96.65471250051633
50,0.95,0.05,roulette,one_point,False,-0.595610971307948,1.418565606078359,63.777357950072776,36.22264204992722,94.78480810008476
50,0.95,0.25,roulette,multi_points,False,-0.5956219243798818,1.02779026820148,45.99869435009092,54.001305649909085,105.34910820040386
200,0.95,0.05,roulette,arithmetic,False,-0.5956220593144238,0.0054379779928062,0.26960390077859,99.7303960992214,390.6604433998
200,0.75,0.025,roulette,one_point,False,-0.5956230098342872,2.163970945817113,94.01282140075496,5.987178599245041,393.6836707999464
200,0.75,0.05,roulette,arithmetic,False,-0.5956278622886982,0.507140471796728,24.188068557089757,75.81193144291025,386.46564459986985
50,0.75,0.25,tournament,arithmetic,False,-0.5956333089837336,0.0037779734404244,0.1888027149144831,99.81119728508553,97.30617670028003
200,0.95,0.05,roulette,arithmetic,False,-0.5956354898329324,0.3609136747526166,17.836325297505503,82.16367470249449,391.29550060036127
200,0.75,0.025,roulette,one_point,False,-0.5956379110978087,2.0444212198842533,88.78532836521114,11.214671634788855,398.6773514999077
200,0.75,0.025,roulette,one_point,False,-0.5956435523005325,2.0472660346545597,88.86934595735619,11.130654042643812,385.143500499893
200,0.95,0.025,roulette,arithmetic,False,-0.595645665429399,0.2501749711570435,12.175262967588624,87.82473703241138,396.3861508000409
200,0.75,0.25,roulette,multi_points,False,-0.5956538700553268,2.044630660589603,88.82306291115127,11.176937088848732,384.8290931999218
50,0.95,0.025,tournament,arithmetic,False,-0.5956604121620505,0.3541137342628474,18.741272193099416,81.25872780690058,96.07706440007314
200,0.95,0.25,roulette,arithmetic,False,-0.5956632151452578,0.0082482546156155,0.4199163349005011,99.5800836650995,397.9933488994138
50,0.95,0.05,roulette,one_point,False,-0.5956662362925293,1.6565185593771312,73.51269211597108,26.48730788402892,97.41319910006132
50,0.75,0.05,roulette,multi_points,False,-0.5956705341721789,1.8575758182609652,82.47405447808642,17.525945521913584,99.19226330018137
50,0.75,0.25,roulette,uniform,False,-0.5956715484358635,1.4596851362142886,65.68586850723347,34.314131492766535,101.64320330019108
200,0.95,0.05,roulette,multi_points,False,-0.5956821894062643,2.0005254574717823,86.95993061019949,13.040069389800507,408.64591720025055
200,0.95,0.25,roulette,arithmetic,False,-0.5956913908050817,0.0225091823795925,1.131128003089316,98.86887199691068,402.91683949995786
50,0.95,0.05,roulette,uniform,False,-0.5956932322453812,1.7250186072674698,76.6195380120985,23.380461987901494,97.0351335001178
50,0.95,0.25,tournament,arithmetic,False,-0.5956945791412336,1.5853534768963815,78.34523975563218,21.65476024436782,101.58784669998568
50,0.75,0.025,roulette,one_point,False,-0.5956954096064869,1.556786396444289,69.3874713112903,30.612528688709705,93.46441160037648
200,0.95,0.05,roulette,one_point,False,-0.5956960588212356,2.006643559555165,87.2071994015465,12.792800598453496,408.9573173999088
50,0.75,0.05,roulette,multi_points,False,-0.5956961800071006,1.2778043404163335,57.08793026888513,42.91206973111487,104.28484630025925
200,0.95,0.25,roulette,arithmetic,False,-0.5957096882070755,1.434192286282738,70.54165611446878,29.45834388553122,400.0996471999679
50,0.95,0.025,roulette,multi_points,False,-0.5957109615222902,1.1028393622254804,49.46377155346298,50.53622844653702,95.62128000042868
200,0.95,0.025,roulette,arithmetic,False,-0.5957160823837836,0.3465595987954529,17.259756421366184,82.74024357863382,400.1775612999918
50,0.95,0.05,tournament,arithmetic,False,-0.5957204455034018,0.0065026394542435,0.3516967873855051,99.6483032126145,99.48523810016924
50,0.75,0.025,roulette,multi_points,False,-0.5957264305133454,1.5216296697924927,68.28329974155885,31.71670025844115,95.28370360017288
50,0.95,0.05,tournament,arithmetic,False,-0.5957301303045303,0.0047155423940292,0.2508677299228088,99.7491322700772,97.57184839982074
50,0.95,0.05,roulette,multi_points,False,-0.5957308510865134,1.936359775926189,86.34954801540489,13.650451984595108,97.43341970001347
50,0.95,0.25,roulette,arithmetic,False,-0.5957353262932195,1.283932057391456,61.32079719883061,38.6792028011694,99.56090810045134
50,0.75,0.025,roulette,multi_points,False,-0.5957353996095895,1.404652983276388,63.153561835949965,36.84643816405004,95.37001799966674
200,0.75,0.05,roulette,one_point,False,-0.595735637924459,2.0058620156034963,87.12578353180469,12.874216468195314,384.1869931999827
200,0.75,0.05,roulette,multi_points,False,-0.5957357075823294,2.018646971544179,87.668743555763,12.331256444237,382.1782701001503
200,0.75,0.25,roulette,arithmetic,False,-0.5957357638787161,0.0138646974389174,0.6808510465583569,99.31914895344164,387.6627620002255
50,0.75,0.25,tournament,arithmetic,False,-0.5957613502096736,1.7686438241670983,87.70657927715096,12.293420722849037,98.21226659987587
50,0.75,0.05,roulette,one_point,False,-0.5957904890762733,1.2754550998836212,57.0353697531168,42.9646302468832,97.55050219991244
50,0.75,0.025,roulette,arithmetic,False,-0.5957906450746797,0.2129558220624141,9.819948490277437,90.18005150972256,100.6954197002342
200,0.75,0.05,roulette,multi_points,False,-0.5957940277415593,1.9864686466339867,86.35018652943786,13.649813470562137,389.66559720027726
200,0.75,0.025,roulette,arithmetic,False,-0.5957941068650094,0.3541848957130038,17.08154059388875,82.91845940611125,395.7287206000183
50,0.95,0.05,roulette,arithmetic,False,-0.5958153531212185,0.0071017720178202,0.334759395433938,99.66524060456608,96.825248000212
50,0.95,0.05,tournament,arithmetic,False,-0.5958161672397317,0.5367366213843351,29.530441981690085,70.46955801830991,97.18789039982948
200,0.95,0.025,roulette,one_point,False,-0.5958194183113927,2.020661662535492,87.88328380925267,12.116716190747326,395.41494029958267
200,0.75,0.025,roulette,arithmetic,False,-0.5958206354442622,0.0160613786612318,0.776930084436521,99.22306991556349,380.3772065000376
200,0.95,0.025,roulette,arithmetic,False,-0.5958206488592626,0.0015423714929785,0.0762494207905723,99.92375057920944,399.8294295002706
50,0.95,0.05,roulette,multi_points,False,-0.5958209480599923,1.4717618798148029,65.86489679104758,34.135103208952415,97.60567670001184
200,0.95,0.025,roulette,arithmetic,False,-0.5958280166278754,0.0094572895558138,0.4743913039647911,99.5256086960352,387.8104556000326
50,0.75,0.025,tournament,arithmetic,False,-0.5958308139008577,0.0037285649469354,0.1957660443848859,99.80423395561512,96.40196449973156
50,0.95,0.025,roulette,multi_points,False,-0.5958386601385175,1.7302513221498748,77.33765180188543,22.66234819811457,96.37039319996256
50,0.95,0.025,roulette,one_point,False,-0.5958436976736979,1.028397982549158,45.95182830987719,54.04817169012281,97.2569979998516
200,0.95,0.25,roulette,arithmetic,False,-0.5958472955194667,1.4086591596502525,68.48703282296074,31.512967177039258,409.9244212000631
50,0.95,0.025,roulette,one_point,False,-0.5958537697661831,1.6817443323450196,75.42314308513608,24.576856914863924,97.83699430013075
50,0.75,0.05,roulette,arithmetic,False,-0.5958553710729226,0.4485737742129332,20.81379822906094,79.18620177093906,97.44163460005076
50,0.75,0.025,roulette,arithmetic,False,-0.5958626939388642,0.0094760758661188,0.4440009514483438,99.55599904855166,92.21163830009756
50,0.95,0.025,roulette,uniform,False,-0.5958631903438667,1.4913880493066665,66.6856463369453,33.3143536630547,97.58779729995877
50,0.95,0.25,roulette,one_point,False,-0.5958784158077123,1.296020226812316,58.09620141393099,41.90379858606901,100.13441159995271
50,0.75,0.25,roulette,arithmetic,False,-0.5958802341035028,1.516981212650228,70.84392103890667,29.15607896109333,103.83524419995956
50,0.75,0.025,roulette,multi_points,False,-0.5958819823618675,1.6994779747588884,76.00825592043857,23.99174407956143,99.06275480007751
50,0.95,0.25,tournament,arithmetic,False,-0.5958858072660541,1.5359097216579387,82.45309537452849,17.546904625471512,100.00523740006612
200,0.75,0.25,roulette,arithmetic,False,-0.5959015675396099,1.5902239446309083,76.42750735961205,23.57249264038795,393.65586160018574
200,0.75,0.25,roulette,arithmetic,False,-0.5959318593070669,1.6135022473616645,77.74610889033532,22.25389110966468,406.9630069003906
50,0.95,0.025,roulette,arithmetic,False,-0.5959332818524854,0.0074583519544746,0.3667484121518624,99.63325158784814,98.91503960022236
50,0.75,0.025,roulette,one_point,False,-0.5959500874400027,1.5892308663534611,71.18545116756066,28.814548832439343,92.35206789989024
50,0.95,0.25,roulette,multi_points,False,-0.5959502915119381,1.3219988164143162,58.801064927660526,41.198935072339474,108.3586941001704
50,0.75,0.025,roulette,arithmetic,False,-0.5959597875633753,0.0085273581052897,0.4111053486805644,99.58889465131944,98.17617640015668
50,0.75,0.025,roulette,multi_points,False,-0.5959630362756239,1.2917987995060642,57.74275036679419,42.25724963320581,95.61277310014702
200,0.75,0.05,roulette,arithmetic,False,-0.5959729515154203,0.0158210771365579,0.743470361528706,99.25652963847128,389.87664669996593
200,0.95,0.05,roulette,arithmetic,False,-0.5959778722167408,0.0115698309774171,0.5840045615647286,99.41599543843527,397.6780278002843
50,0.95,0.025,roulette,arithmetic,False,-0.5959833113519835,0.2539451252636208,12.54473115766697,87.45526884233303,99.61226460011676
50,0.95,0.025,roulette,one_point,False,-0.5959857302109219,1.3950178679115193,62.85751068246604,37.14248931753396,96.31138210045174
50,0.75,0.05,roulette,arithmetic,False,-0.5960212906913844,0.0104025077647975,0.4976273444086766,99.50237265559132,98.71158989984542
50,0.75,0.25,roulette,arithmetic,False,-0.5960222382715145,0.0089597961510508,0.4249548071584431,99.57504519284156,95.57681579946076
50,0.95,0.05,roulette,arithmetic,False,-0.5960303471984579,0.2712397653609909,13.005360842700034,86.99463915729997,94.96286659978796
50,0.95,0.05,roulette,arithmetic,False,-0.5960438798126086,0.3302383237485283,16.156630113233053,83.84336988676695,100.08694889978506
50,0.75,0.25,roulette,one_point,False,-0.5960484230093847,1.3440922400971254,60.31418447857028,39.68581552142973,99.19892249966506
50,0.95,0.025,roulette,arithmetic,False,-0.5960496492700791,0.2439992436265363,11.723034371898931,88.27696562810107,99.95664870017208
200,0.75,0.05,roulette,arithmetic,False,-0.5960697748556086,0.5928317606074509,28.56392394096381,71.43607605903618,381.5422431998886
50,0.95,0.05,roulette,arithmetic,False,-0.5961166149091912,0.0062724914224491,0.3036278211999952,99.6963721788,102.41337480023503
50,0.75,0.25,roulette,arithmetic,False,-0.5961209147391959,1.4938507482082255,72.48765082598393,27.512349174016062,98.67395369976292
50,0.75,0.025,roulette,one_point,False,-0.5961452278397693,1.0386007325102613,46.3221335784039,53.6778664215961,93.36706690024585
50,0.95,0.025,tournament,arithmetic,False,-0.5961820211779942,0.0046671230592707,0.2414683321076273,99.75853166789236,93.80743440007792
50,0.95,0.25,roulette,one_point,False,-0.5961924441768114,1.4391345999124427,64.265158449149,35.734841550851,96.25934679969214
50,0.75,0.05,roulette,multi_points,False,-0.5962006656416837,1.3230224655672356,59.4783416439321,40.5216583560679,99.4313231999986
50,0.95,0.25,roulette,arithmetic,False,-0.5962093478889132,0.0072496402176007,0.3569127205426404,99.64308727945736,100.76178260031156
50,0.75,0.05,roulette,arithmetic,False,-0.5962215847947485,0.0,0.0,100.0,97.10983569989912
50,0.75,0.025,roulette,arithmetic,False,-0.596224070496352,0.3056214920455039,14.580046259893823,85.41995374010618,95.6550494999392
50,0.75,0.025,roulette,one_point,False,-0.5962276296822402,1.205104600890562,53.87018737539172,46.12981262460828,95.1489325998118
50,0.75,0.05,roulette,arithmetic,False,-0.5962294740582591,0.586970063638918,28.44061995464094,71.55938004535906,95.78238379990216
50,0.95,0.25,roulette,arithmetic,False,-0.5962329593219681,1.461980227331073,72.4058386676886,27.5941613323114,108.04997599998023
50,0.75,0.25,roulette,arithmetic,False,-0.596252468287511,0.0098949615307398,0.4680126377098782,99.53198736229012,98.26588559965604
50,0.95,0.025,roulette,arithmetic,False,-0.5962593193968425,0.0,0.0,100.0,101.80643090012018
200,0.95,0.05,roulette,arithmetic,False,-0.5962822403938437,0.4556210098051559,23.037317008302374,76.96268299169762,394.4867693003034
50,0.75,0.05,tournament,arithmetic,False,-0.5964291583767081,0.005754840852716,0.2838991914445771,99.71610080855542,98.51875799987464
