50,0.75,0.025,roulette,one_point,False,-0.5956529672448925,1.4553566732898975,64.9365499045053,35.0634500954947,95.84932940022554
50,0.75,0.025,roulette,one_point,False,-0.5954709762644437,1.6960725052027017,75.88144187820657,24.118558121793427,99.49630279955454
50,0.75,0.025,roulette,one_point,False,-0.5960075387621234,0.8720120804789322,38.971400583821385,61.028599416178615,102.00480730005074
50,0.75,0.025,roulette,one_point,False,-0.5957813653970344,1.4487285277853972,64.50085344176208,35.499146558237925,103.71790830034297
50,0.75,0.025,roulette,multi_points,False,-0.5956480719468176,1.575432612273833,70.16494231332848,29.83505768667152,101.22337549959775
50,0.75,0.025,roulette,multi_points,False,-0.5958578990033981,1.7360074710271578,78.12050507695983,21.87949492304017,105.34645410010125
50,0.75,0.025,roulette,multi_points,False,-0.5959882231251774,1.1355641234618044,51.05888672321013,48.94111327678987,102.87476779997814
50,0.75,0.025,roulette,multi_points,False,-0.5949943728766638,1.391419412635993,62.467192875764745,37.532807124235255,101.92984599992633
50,0.75,0.025,roulette,uniform,False,-0.5953299096361959,1.6388009032223525,73.26211912004881,26.73788087995119,103.0911693002563
50,0.75,0.025,roulette,uniform,False,-0.5945239045984608,1.5314308153528322,68.77348291171643,31.226517088283572,105.3312513998244
50,0.75,0.025,roulette,uniform,False,-0.5949583037506121,1.4199455363037763,63.555702443244485,36.444297556755515,104.6818837999599
50,0.75,0.025,roulette,uniform,False,-0.5949544114010744,1.3702620909829661,61.18566050597818,38.81433949402182,99.96442389988806
50,0.75,0.025,roulette,arithmetic,False,-0.5953864177049779,0.43499957588120924,20.67244975442192,79.32755024557808,102.83949439995922
50,0.75,0.025,roulette,arithmetic,False,-0.596347588756637,0.40754288043208137,18.711827261535337,81.28817273846467,100.96108860045206
50,0.75,0.025,roulette,arithmetic,False,-0.5957846980390578,0.009376513003020606,0.4542119408877714,99.54578805911223,103.35627169976942
50,0.75,0.025,roulette,arithmetic,False,-0.5958843940928559,0.0070208332608405425,0.3381871116360407,99.66181288836395,103.66149019997101
50,0.75,0.025,tournament,one_point,False,-0.5921028098471552,0.6856201664041286,31.66599270802979,68.33400729197021,101.95180489984341
50,0.75,0.025,tournament,one_point,False,-0.5933061693377072,0.7549727730022837,35.26958461999755,64.73041538000246,106.23949819977861
50,0.75,0.025,tournament,one_point,False,-0.5947079291444561,0.01746467453291112,0.8287978478459267,99.17120215215407,104.46504639962222
50,0.75,0.025,tournament,one_point,False,-0.5950728997685532,0.009851672620288786,0.4653587413024814,99.53464125869752,95.03634590026923
50,0.75,0.025,tournament,multi_points,False,-0.593033819219779,0.6940431138882172,32.783422771531114,67.21657722846888,104.04465280007571
50,0.75,0.025,tournament,multi_points,False,-0.5926015213412891,0.5578487083480288,26.12878756448777,73.87121243551223,98.23096649965737
50,0.75,0.025,tournament,multi_points,False,-0.5939643029722247,0.009764844755365345,0.461490114038071,99.53850988596193,99.37360670010094
50,0.75,0.025,tournament,multi_points,False,-0.5944698545746383,0.006663755157735982,0.3136319896908709,99.68636801030912,100.78197440027725
50,0.75,0.025,tournament,uniform,False,-0.5909567776446562,0.5191238736947973,23.951778036878864,76.04822196312114,102.71414540032856
50,0.75,0.025,tournament,uniform,False,-0.5905559596694618,0.7980191980673825,37.0205781383411,62.9794218616589,100.72410019976087
50,0.75,0.025,tournament,uniform,False,-0.5919305365578567,0.043394930950999576,2.0236680114183425,97.97633198858166,104.20773050037678
50,0.75,0.025,tournament,uniform,False,-0.5920323941914853,0.07534116180908783,3.677777601783879,96.32222239821613,104.20403180026915
50,0.75,0.025,tournament,arithmetic,False,-0.5948208913640609,0.37745470299720774,19.24888404161719,80.75111595838281,105.62836889992468
50,0.75,0.025,tournament,arithmetic,False,-0.5942182373292324,0.38545710812399214,19.935470449024336,80.06452955097566,104.91642279934604
50,0.75,0.025,tournament,arithmetic,False,-0.5953198207273415,0.0051877094026860455,0.27309244335130556,99.7269075566487,104.17082199989818
50,0.75,0.025,tournament,arithmetic,False,-0.5959273591553029,0.005217299874749851,0.2585708439000872,99.74142915609991,97.62236160004977
50,0.75,0.05,roulette,one_point,False,-0.5959739437148575,1.8826585554179667,85.05784027911132,14.942159720888682,99.04800790012814
50,0.75,0.05,roulette,one_point,False,-0.5957461840385876,1.7060891206664544,76.58954143481816,23.41045856518184,106.37751289992593
50,0.75,0.05,roulette,one_point,False,-0.5958950853274748,1.1144190731402248,49.80767857423623,50.19232142576377,97.2071843004087
50,0.75,0.05,roulette,one_point,False,-0.595630425025178,1.227136214442858,54.930442567383444,45.069557432616556,101.66692200058606
50,0.75,0.05,roulette,multi_points,False,-0.5945791434987355,1.7410603830618627,77.84498939295372,22.15501060704628,102.76237709994894
50,0.75,0.05,roulette,multi_points,False,-0.5951036711633686,1.7708204428031296,79.21734921665995,20.782650783340046,102.5601606995333
50,0.75,0.05,roulette,multi_points,False,-0.595746376565772,1.582112516893909,70.64025934382421,29.359740656175788,99.60568180016708
50,0.75,0.05,roulette,multi_points,False,-0.5950852965847843,1.1746396567012654,52.74573050193837,47.25426949806163,102.75543819973245
50,0.75,0.05,roulette,uniform,False,-0.594729565972277,1.8129402737373208,81.41531650536827,18.584683494631733,101.76314400020055
50,0.75,0.05,roulette,uniform,False,-0.5949403377867912,1.7685532702370552,78.88015901189975,21.11984098810025,112.9789768998744
50,0.75,0.05,roulette,uniform,False,-0.5950701806391099,1.4175818138906833,63.14107714338597,36.85892285661403,104.55795680056326
50,0.75,0.05,roulette,uniform,False,-0.5948185375601198,1.3047275506418272,58.30349469303285,41.69650530696715,101.98841719992924
50,0.75,0.05,roulette,arithmetic,False,-0.5959570005439215,0.4230161993870626,19.656807888297028,80.34319211170298,101.37458209972829
50,0.75,0.05,roulette,arithmetic,False,-0.5959732140026107,0.4664220998324426,22.135078918414365,77.86492108158563,102.02987489989027
50,0.75,0.05,roulette,arithmetic,False,-0.5958321502537172,0.009113783779241621,0.4297457111842184,99.57025428881578,100.69442230009008
50,0.75,0.05,roulette,arithmetic,False,-0.5955863584394153,0.010294250987771161,0.4711464948797784,99.52885350512022,100.76248599996325
50,0.75,0.05,tournament,one_point,False,-0.5927002476725788,1.1615354685959665,53.815777075051685,46.184222924948315,101.57280420011375
50,0.75,0.05,tournament,one_point,False,-0.592199224748003,1.040216710224098,49.24087763343804,50.75912236656196,104.52746000001207
50,0.75,0.05,tournament,one_point,False,-0.5948279884423692,0.00843614782939445,0.3905462203000356,99.60945377969996,98.56502340023872
50,0.75,0.05,tournament,one_point,False,-0.5946993114425416,0.00881144456856503,0.4081073744300276,99.59189262556997,104.72057149989996
50,0.75,0.05,tournament,multi_points,False,-0.5927592562370289,0.9020417165272538,42.88150234165349,57.11849765834651,102.0198951002676
50,0.75,0.05,tournament,multi_points,False,-0.592654649405549,1.0783836070060746,50.479765826040726,49.520234173959274,103.89607819984667
50,0.75,0.05,tournament,multi_points,False,-0.5940927113510792,0.012147825437090974,0.5767835467604417,99.42321645323956,101.27229119988624
50,0.75,0.05,tournament,multi_points,False,-0.5949381750730841,0.009632185126739506,0.4580683450953392,99.54193165490466,102.85547290008981
50,0.75,0.05,tournament,uniform,False,-0.5899389633643407,1.1051499532244258,50.729323457194056,49.270676542805944,100.81879920023493
50,0.75,0.05,tournament,uniform,False,-0.5915964975868564,1.0451240707525031,49.96269416928726,50.03730583071274,108.6024862997001
50,0.75,0.05,tournament,uniform,False,-0.5931476891292099,0.015387656464881863,0.7384345352379473,99.26156546476206,101.16588819993194
50,0.75,0.05,tournament,uniform,False,-0.590690773444255,0.08466460822418395,3.93363685465112,96.06636314534887,102.0840411002282
50,0.75,0.05,tournament,arithmetic,False,-0.5948422684381076,0.5337702712784639,27.578062967644346,72.42193703235566,104.92883170000277
50,0.75,0.05,tournament,arithmetic,False,-0.5947256878063344,0.7652260239930117,40.59948784284373,59.40051215715627,102.8519382000668
50,0.75,0.05,tournament,arithmetic,False,-0.5952192334846802,0.005817966666713395,0.2822924983282677,99.71770750167173,104.83376420033164
50,0.75,0.05,tournament,arithmetic,False,-0.5954621458696024,0.00685265657418703,0.3447092223692245,99.65529077763078,101.27034099947196
50,0.75,0.25,roulette,one_point,False,-0.5953256544187175,1.8806875077658247,83.9511336549801,16.048866345019903,102.3307198000839
50,0.75,0.25,roulette,one_point,False,-0.595128070724281,1.9724963552537478,87.85080493155974,12.149195068440264,104.14587949996348
50,0.75,0.25,roulette,one_point,False,-0.595524882788678,1.3312187581730415,59.965763914338034,40.034236085661966,101.49621460016351
50,0.75,0.25,roulette,one_point,False,-0.5957255703699698,0.9801395974292665,43.7599229385231,56.2400770614769,101.92897760006599
50,0.75,0.25,roulette,multi_points,False,-0.595753398630699,1.7926015852299588,79.26808784674147,20.731912153258534,103.33706969954073
50,0.75,0.25,roulette,multi_points,False,-0.5950813890780846,2.082504164742764,92.50279636296955,7.497203637030452,103.29144800000358
50,0.75,0.25,roulette,multi_points,False,-0.5960363238030485,1.3547877340004655,60.60587707879471,39.39412292120529,102.00302270019893
50,0.75,0.25,roulette,multi_points,False,-0.5957090552376154,1.4466782306768455,64.69691203781393,35.30308796218607,102.08132970007136
50,0.75,0.25,roulette,uniform,False,-0.5953601618157116,1.8795809280518783,83.80173277377865,16.198267226221347,105.63432389986701
50,0.75,0.25,roulette,uniform,False,-0.5952948975565954,2.05104522218856,90.95133406955486,9.04866593044514,103.12942410027608
50,0.75,0.25,roulette,uniform,False,-0.5952699876584241,1.4816245208045107,66.4279453791965,33.5720546208035,104.84222270024475
50,0.75,0.25,roulette,uniform,False,-0.5954432641143572,1.015484886603906,45.43840560521094,54.56159439478906,101.83060179976746
50,0.75,0.25,roulette,arithmetic,False,-0.5955635354025162,0.8998487985273793,41.909898561744534,58.090101438255466,102.00482519960497
50,0.75,0.25,roulette,arithmetic,False,-0.5959270940262911,1.367690805183664,64.41988418739112,35.58011581260888,101.85974800039548
50,0.75,0.25,roulette,arithmetic,False,-0.5959834044024636,0.008732060171908104,0.418907130930637,99.58109286906937,105.08276259992272
50,0.75,0.25,roulette,arithmetic,False,-0.5960969188224973,0.009307991473391359,0.4452973096943858,99.55470269030562,99.48202660004608
50,0.75,0.25,tournament,one_point,False,-0.5946700903148889,2.0473157284794232,93.39386314422434,6.6061368557756595,104.57845530041959
50,0.75,0.25,tournament,one_point,False,-0.5946458583904292,2.101268708891753,95.33182004629076,4.668179953709242,102.92754489998333
50,0.75,0.25,tournament,one_point,False,-0.5948506663786671,0.00789349235284635,0.37508665620324205,99.62491334379676,101.7321524998406
50,0.75,0.25,tournament,one_point,False,-0.5949215816736821,0.01034447714050817,0.48759280403291877,99.51240719596709,101.73391559999436
50,0.75,0.25,tournament,multi_points,False,-0.5944589285635555,2.0958665498828033,94.4366747844407,5.563325215559303,102.14078739995603
50,0.75,0.25,tournament,multi_points,False,-0.5942611642596224,2.0748100857811087,94.81834026432536,5.181659735674643,99.47733479959425
50,0.75,0.25,tournament,multi_points,False,-0.5940602678789131,0.011634363437070106,0.5518055382209078,99.4481944617791,103.99765929987188
50,0.75,0.25,tournament,multi_points,False,-0.5945751681383725,0.010209578926434317,0.47427385428297925,99.52572614571702,99.18926879984792
50,0.75,0.25,tournament,uniform,False,-0.594078262727034,1.9781792682593997,88.94280955048916,11.057190449510841,101.20993660017848
50,0.75,0.25,tournament,uniform,False,-0.5944561340551747,2.118826078495854,95.72567154512032,4.274328454879679,102.35636499989778
50,0.75,0.25,tournament,uniform,False,-0.591643152353224,0.0368739089172142,1.7090552154574539,98.29094478454255,102.48138229968026
50,0.75,0.25,tournament,uniform,False,-0.5925872664557551,0.04935131886947668,2.29776129614633,97.70223870385367,101.86827919993084
50,0.75,0.25,tournament,arithmetic,False,-0.5952510697268659,1.7519825595487255,84.80063712575043,15.199362874249573,102.16761479980778
50,0.75,0.25,tournament,arithmetic,False,-0.5954055400240235,1.7677527436179812,86.96185972821422,13.038140271785778,101.45747769984882
50,0.75,0.25,tournament,arithmetic,False,-0.5952680210099512,0.00686043175898153,0.3611058871417765,99.63889411285822,101.15751599986106
50,0.75,0.25,tournament,arithmetic,False,-0.5960363157277478,0.0065508910552836645,0.34368633896852013,99.65631366103148,102.06477689987514
50,0.8,0.025,roulette,one_point,False,-0.5953109407197599,1.7255432308496055,77.7856697581996,22.214330241800397,101.98041890002787
50,0.8,0.025,roulette,one_point,False,-0.5951369928196673,1.7096634454053494,76.97782970970441,23.02217029029559,101.81414070003666
50,0.8,0.025,roulette,one_point,False,-0.5958892269931764,1.367377630124176,61.31030484173353,38.68969515826647,101.32432190037798
50,0.8,0.025,roulette,one_point,False,-0.5960221007987229,1.1498310913551348,51.61655728156467,48.38344271843533,99.37471200025175
50,0.8,0.025,roulette,multi_points,False,-0.5953900054525588,1.727186951581148,77.33827706434526,22.661722935654737,103.26597740012221
50,0.8,0.025,roulette,multi_points,False,-0.595369537483506,1.723365931919135,78.12499088057918,21.875009119420824,103.51439169968944
50,0.8,0.025,roulette,multi_points,False,-0.5961504428826896,1.312606141136867,58.6219037316395,41.3780962683605,100.01969389989972
50,0.8,0.025,roulette,multi_points,False,-0.595872957826222,1.3363956189680692,60.088231401071326,39.911768598928674,102.68319829995744
50,0.8,0.025,roulette,uniform,False,-0.5954127594287391,1.401567403307783,62.547959189003834,37.452040810996166,100.736041199998
50,0.8,0.025,roulette,uniform,False,-0.5954716686373074,1.591271927908868,71.20593182363952,28.794068176360483,102.75263080000877
50,0.8,0.025,roulette,uniform,False,-0.5947850437338232,1.3553117149409386,60.637607540672,39.362392459328,101.22221600008197
50,0.8,0.025,roulette,uniform,False,-0.595787881243639,1.37869693459617,61.77822282851889,38.22177717148111,100.95774239988532
50,0.8,0.025,roulette,arithmetic,False,-0.5962634346712798,0.2949152736274147,13.817195257530823,86.18280474246917,99.6817606005352
50,0.8,0.025,roulette,arithmetic,False,-0.5957003419438958,0.39720570103921704,18.540222336825458,81.45977766317455,102.38514079991728
50,0.8,0.025,roulette,arithmetic,False,-0.5963372717344455,0.01019150320937931,0.5020385822276967,99.4979614177723,103.1989733002847
50,0.8,0.025,roulette,arithmetic,False,-0.5957730556328065,0.001996020573417529,0.09622889864049025,99.90377110135951,100.30710560001899
50,0.8,0.025,tournament,one_point,False,-0.5920714372007029,0.5183292488388082,24.56956365641702,75.43043634358298,102.84365159983281
50,0.8,0.025,tournament,one_point,False,-0.592124269409511,0.7332918012518793,34.4572314515272,65.5427685484728,99.98370220034849
50,0.8,0.025,tournament,one_point,False,-0.5951207288782256,0.00972742440204219,0.45278819783008456,99.54721180216991,101.88909020018764
50,0.8,0.025,tournament,one_point,False,-0.5950356328707407,0.005724603985082341,0.2665250383137729,99.73347496168623,102.23024479986634
50,0.8,0.025,tournament,multi_points,False,-0.5923013185150217,0.577262546861637,27.158136780406032,72.84186321959396,100.02486209967174
50,0.8,0.025,tournament,multi_points,False,-0.5928321980728564,0.6580250921936883,31.962331511774423,68.03766848822558,104.74353980016895
50,0.8,0.025,tournament,multi_points,False,-0.594606258740387,0.028248188027868923,1.3356202001485622,98.66437979985143,99.58778910001274
50,0.8,0.025,tournament,multi_points,False,-0.5948208052447621,0.011059270411585982,0.5150140704563374,99.48498592954367,102.27595460019074
50,0.8,0.025,tournament,uniform,False,-0.5914697702022002,0.6707679627818742,30.64399736403751,69.35600263596248,100.02973630023189
50,0.8,0.025,tournament,uniform,False,-0.5904893177731974,0.7664688032892978,35.6702872410074,64.3297127589926,100.46015849977266
50,0.8,0.025,tournament,uniform,False,-0.5913357948209863,0.08144555840083606,3.80065032173003,96.19934967826997,103.0849808997009
50,0.8,0.025,tournament,uniform,False,-0.5912898029358524,0.07123337889073861,3.2919916029213243,96.70800839707867,99.88130219990853
50,0.8,0.025,tournament,arithmetic,False,-0.5948599276367454,0.3657308122122164,17.710781408481864,82.28921859151814,99.79269000061322
50,0.8,0.025,tournament,arithmetic,False,-0.5941253525965601,0.3848558807738958,18.96591729318645,81.03408270681355,100.25894789968152
50,0.8,0.025,tournament,arithmetic,False,-0.5957461465792727,0.004528637485527614,0.22126415331687244,99.77873584668313,99.06874959985726
50,0.8,0.025,tournament,arithmetic,False,-0.5956178189918789,0.0037533970602414007,0.1989866029185428,99.80101339708146,101.29538290004712
50,0.8,0.05,roulette,one_point,False,-0.5957242889797287,1.8056022455576355,81.43957173874091,18.56042826125909,99.88097570009995
50,0.8,0.05,roulette,one_point,False,-0.595668963063473,1.6099680567887487,71.94525325444678,28.054746745553217,104.41635290032718
50,0.8,0.05,roulette,one_point,False,-0.5960567683642631,1.0093421420364417,45.064714850434704,54.935285149565296,101.50410140003078
50,0.8,0.05,roulette,one_point,False,-0.5956574171486053,1.010444112598069,45.456582028258836,54.543417971741164,100.39916299970355
50,0.8,0.05,roulette,multi_points,False,-0.595503433292532,1.8519337933838669,82.89453388814769,17.10546611185231,101.09762319992296
50,0.8,0.05,roulette,multi_points,False,-0.5956773350191213,1.6938252430987117,75.7729209300395,24.227079069960496,103.08546949992888
50,0.8,0.05,roulette,multi_points,False,-0.5960589793550489,1.3683905129410665,61.180407046755434,38.819592953244566,100.22226459975354
50,0.8,0.05,roulette,multi_points,False,-0.5956685394639287,1.3067862216314596,59.150340653597176,40.849659346402824,103.96228940063156
50,0.8,0.05,roulette,uniform,False,-0.5958134169274731,1.5374744935743465,68.75071805920409,31.24928194079591,102.69519130000845
50,0.8,0.05,roulette,uniform,False,-0.5957629713928843,1.007038799892872,44.91505453750925,55.08494546249075,101.42985530011356
50,0.8,0.05,roulette,uniform,False,-0.5954239858595334,0.8942828593950571,39.89840517343885,60.10159482656115,104.13229260011576
50,0.8,0.05,roulette,uniform,False,-0.5955272297981999,1.3958537702867133,62.62333180375585,37.37666819624415,101.60293839988299
50,0.8,0.05,roulette,arithmetic,False,-0.5961690982566286,0.6782981253465774,32.09093210089008,67.90906789910991,106.14508079970255
50,0.8,0.05,roulette,arithmetic,False,-0.5959479182246907,0.6047859219948556,29.574398810670104,70.4256011893299,105.53883210022468
50,0.8,0.05,roulette,arithmetic,False,-0.5955560451587737,0.0,0.0,100.0,102.90757420018781
50,0.8,0.05,roulette,arithmetic,False,-0.5962928023235217,0.010307011928125605,0.4707058879907226,99.52929411200928,105.35668780014385
50,0.8,0.05,tournament,one_point,False,-0.5928021046641324,0.8428110064922932,38.85091618101136,61.14908381898864,102.88520630041603
50,0.8,0.05,tournament,one_point,False,-0.5928317058854269,1.0158385091661988,46.88933382006674,53.11066617993326,103.0208356003277
50,0.8,0.05,tournament,one_point,False,-0.594688178944037,0.0072217796198068935,0.34066457076085044,99.65933542923915,106.01991250016727
50,0.8,0.05,tournament,one_point,False,-0.5947256420072076,0.012142929258150286,0.5655333906388513,99.43446660936115,101.78063360019587
50,0.8,0.05,tournament,multi_points,False,-0.5926005403523436,1.0556710645860963,49.37192425635464,50.62807574364536,104.74938879988622
50,0.8,0.05,tournament,multi_points,False,-0.5925708445847129,0.9097825900877358,42.5477028635735,57.4522971364265,105.71176140010357
50,0.8,0.05,tournament,multi_points,False,-0.5945041483530394,0.003916462872473078,0.18396586029684633,99.81603413970315,105.3555402001366
50,0.8,0.05,tournament,multi_points,False,-0.5942137756852939,0.009216630607306573,0.43270411301617845,99.56729588698383,104.1159718001727
50,0.8,0.05,tournament,uniform,False,-0.5901349268211863,1.1015435761851453,51.105773463205836,48.894226536794164,103.5350756997941
50,0.8,0.05,tournament,uniform,False,-0.591128066326061,1.0998396710840042,50.436590673819396,49.563409326180604,105.29325230023824
50,0.8,0.05,tournament,uniform,False,-0.5925004468733989,0.013781149026975413,0.6378636106539086,99.36213638934609,103.48474880028516
50,0.8,0.05,tournament,uniform,False,-0.5924138932882204,0.0529536891078212,2.565753872108488,97.43424612789151,101.44277100008912
50,0.8,0.05,tournament,arithmetic,False,-0.5949133711650838,0.6966556003995933,35.47263397426768,64.52736602573232,107.83342860022094
50,0.8,0.05,tournament,arithmetic,False,-0.595362963971273,0.6159670502542098,33.68088161370312,66.31911838629688,105.54904039995745
50,0.8,0.05,tournament,arithmetic,False,-0.5950395068768032,0.004267604267103204,0.2280821096075241,99.77191789039247,102.3923722000327
50,0.8,0.05,tournament,arithmetic,False,-0.5954443328006023,0.005648264242492013,0.3128477115687513,99.68715228843125,105.07768489967566
50,0.8,0.25,roulette,one_point,False,-0.5956511430535331,1.9704327869329363,87.54511252429106,12.454887475708944,106.8401546998648
50,0.8,0.25,roulette,one_point,False,-0.5955270792168487,2.1404171423282583,94.81357879815559,5.186421201844411,109.0049475999549
50,0.8,0.25,roulette,one_point,False,-0.5958522986306911,1.0296596942999174,46.2502534369279,53.7497465630721,103.70722610014491
50,0.8,0.25,roulette,one_point,False,-0.5954695649475128,1.0643600023751445,47.5790161723594,52.4209838276406,107.17428320017643
50,0.8,0.25,roulette,multi_points,False,-0.5951993195700747,2.1668740225867316,96.11657885156656,3.8834211484334418,109.58939580013976
50,0.8,0.25,roulette,multi_points,False,-0.5951063542988486,2.164584484865973,96.07012774556114,3.9298722544388625,109.66307540005073
